id,screen_name,name,timezone,country,description,count,category
14589119,qatarairways,Qatar Airways,Kuwait,Kuwait,"Official account of Qatar Airways. Follow us for offers, news, and careers. For Customer Care, please visit https://t.co/nNuqO4z99F",173895,airline
821045162,emirates,Emirates airline,Abu Dhabi,United Arab Emirates,The official Twitter channel for Emirates airline. Pls tweet @EmiratesSupport if you need any assistance in English & Arabic. We are online 24/7,159046,airline
45621423,EtihadAirways,Etihad Airways,Abu Dhabi,United Arab Emirates,"Welcome to the official Etihad Airways Twitter account! Follow us for latest news, events and exclusive competitions! For queries or problems, go to @EtihadHelp",147133,airline
813286,BarackObama,Barack Obama,Eastern Time (US & Canada),None,This account is run by Organizing for Action staff. Tweets from the President are signed -bo.,140835,person
18332190,British_Airways,British Airways,London,United Kingdom,"Official British Airways Twitter account. We love reading your Tweets & are here 24 hours a day, 7 days a week to help. You can also visit",138745,airline
16898427,cathaypacific,Cathay Pacific,Hong Kong,Hong Kong,"Welcome to the Cathay Pacific Airways Twitter community, where you can share your #lifewelltravelled moments!  You’ll find us tweeting Mon-Fri between 9am & 5pm",124860,airline
22919665,AirAsia,AirAsia,Kuala Lumpur,Malaysia,"Welcome to our official Twitter account where we tweet exclusive updates, contests & our low fares all in just 140 characters!",118430,airline
428333,cnnbrk,CNN Breaking News,Eastern Time (US & Canada),None,"Breaking news from reporters and editors on the CNN Digital news team. Now 42M strong. Check @cnn for all things CNN, breaking and more.",117577,news
783214,twitter,Twitter,Pacific Time (US & Canada),None,"Your official source for news, updates and tips from Twitter, Inc. Need help? Visit https://t.co/qq1HEzvnrA.",116959,channel
10228272,YouTube,YouTube,Pacific Time (US & Canada),None,lol watch this,114446,channel
807095,nytimes,The New York Times,Eastern Time (US & Canada),None,"Where the conversation begins. Follow for breaking news, special reports, RTs of our journalists and more from https://t.co/YapuoqX0HS.",112775,news
742143,BBCWorld,BBC News (World),London,United Kingdom,Where we #LiveTheStory - join us https://t.co/zQYj7l9rp2,112071,news
5402612,BBCBreaking,BBC Breaking News,London,United Kingdom,"Breaking news alerts and updates from the BBC. For news, features, analysis follow @BBCWorld (international) or @BBCNews (UK). Latest sport news @BBCSport.",111753,news
18909186,TurkishAirlines,Turkish Airlines,Istanbul,Turkey,Thanks for visiting Europe’s Best Airline on Twitter! Follow us for insights into our destinations and much more. Got an enquiry? Please consult @TK_HelpDesk.,110831,airline
218730857,Qantas,Qantas,Sydney,Australia,"The official Qantas Twitter page to share information & get feedback. We’re online 24 hours a day, 7 days a week.",107851,airline
15846407,TheEllenShow,Ellen DeGeneres,Pacific Time (US & Canada),None,"Comedian, talk show host and ice road trucker. My tweets are real, and they’re spectacular. https://t.co/rJNCGU9GhH",106806,person
56377143,KLM,Royal Dutch Airlines,Amsterdam,Netherlands,"Official global account of KLM. While we keep you updated, we're at your service in 12 languages. Share personal details only in private messages!",103517,airline
19106719,MAS,Malaysia Airlines,Kuala Lumpur,Malaysia,Welcome to the official Malaysia Airlines Berhad Twitter account. We’re tweeting here Monday to Friday 10am-5pm Malaysia time (GMT +8),102665,airline
759251,CNN,CNN,Eastern Time (US & Canada),None,It’s our job to #GoThere and tell the most difficult stories. Come with us!,101801,news
21447363,katyperry,KATY PERRY,Alaska,United States,Rising...,99152,person
124476322,lufthansa,Lufthansa,Bern,Switzerland,Welcome to the official twitter channel (international) of Deutsche Lufthansa AG!,96488,airline
37874853,STcom,The Straits Times,Singapore,Singapore,Breaking news from the online site of Singapore's most widely read newspaper,96426,news
50393960,BillGates,Bill Gates,Pacific Time (US & Canada),None,Sharing things I'm learning through my foundation work and other interests...,95854,person
22536055,AmericanAir,American Airlines,Central Time (US & Canada),None,We’re here to offer advice and inspiration for your trip on American. Please click here if you require a formal response to a complaint:https://t.co/gHXQN4ORDA,95268,airline
38400130,ChannelNewsAsia,Channel NewsAsia,Singapore,Singapore,The official space of Channel NewsAsia - the source of breaking news from Asia & the world. We want to hear from you. Comments and news tips are welcome.,93862,news
17919972,taylorswift13,Taylor Swift,Pacific Time (US & Canada),None,Born in 1989.,93468,person
20626359,VirginAtlantic,Virgin Atlantic,London,United Kingdom,"Hello Gorgeous! Follow us for news, banter & assistance 24/7. Visit our blog at https://t.co/ziOX3LRnnS or for official concerns visit https://t.co/ZQJmKUNzyR",85526,airline
41085467,TODAYonline,TODAY,Singapore,Singapore,"Get the latest local and international news from TODAYonline, Singapore's most popular compact newspaper. Also on iOS and Android: https://t.co/hAu0nhk4YE",84966,news
5920532,Delta,Delta,Eastern Time (US & Canada),None,"Official account of Delta Air Lines. We’re listening around the clock, 7 days a week. For a formal response please visit https://t.co/NnsfScRHt1.",83004,airline
260907612,united,United,Central Time (US & Canada),None,Conversations with you here are 140 characters-friendly. Tweet us any time. For a formal response visit https://t.co/cpgjUnDsve.,82444,airline
34568673,leehsienloong,Lee Hsien Loong,Singapore,Singapore,"Prime Minister of Singapore, and leader of @PAPSingapore. This account is maintained by the Prime Minister’s Office. Tweets by Mr Lee are signed LHL.",78097,person
27260086,justinbieber,Justin Bieber,Eastern Time (US & Canada),None,Let's make the world better. Join @bkstg and add me on @shots 'justinbieber'. COLD WATER and LET ME LOVE YOU out now. OUR new album PURPOSE out NOW,77193,person
574253,mrbrown,mrbrown,Singapore,Singapore,"mrbrown aka Kinmun Lee, Blogfather of Singapore, satirist, writer, lyricist, traveler, photographer, cyclist, gamer, and podcaster. Papa of Faith, Isaac & Joy.",75385,person
115624161,YahooSG,Yahoo Singapore,Singapore,Singapore,Yahoo Singapore's official Twitter account. For bite-sized news and thoughts from S'pore and the world. https://t.co/8THI4Qh1GQ | http://t.co/g43c7Fwh4F,74700,news
5988062,TheEconomist,The Economist,Eastern Time (US & Canada),None,News and analysis with a global perspective.  Subscribe here: https://t.co/FDPVGW00W2,73896,channel
79293791,rihanna,Rihanna,Pacific Time (US & Canada),None,Get #ANTI now: https://t.co/WH1Yy1ELJB,73459,person
26565946,jtimberlake,Justin Timberlake,Pacific Time (US & Canada),None,,73059,person
21401523,staralliance,Star Alliance,Berlin,Germany,"The Star Alliance network provides a range of benefits for the international traveller to improve their travel experience, wherever they are in the world.",72875,airline
1652541,Reuters,Reuters Top News,Eastern Time (US & Canada),None,"Top and breaking news, pictures, and videos from Reuters.",72546,news
106062176,airfrance,Air France,Paris,France,#FranceisintheAir! Stay connected for our latest news! At your service 24/7 (Personal info by DM only),71612,airline
17471979,NatGeo,National Geographic,Eastern Time (US & Canada),None,"Since 1888, we've traveled the Earth, sharing its amazing stories with new generations. Official Twitter account of National Geographic.",70479,channel
15378041,VirginAustralia,Virgin Australia,Brisbane,Australia,Welcome to the official page for Virgin Australia. We're here to help from 5am-11pm (AEST). For 24/7 assistance call 13 67 89. Feedback: http://t.co/bpg9Lb8EOj,70204,airline
114356023,SoSingaporean,So Singaporean,Singapore,Singapore,Follow to discover everything so unique and #sosingaporean! For any enquiries and adverts kindly contact me at: sosingaporean.twitter@gmail.com,69898,person
14230524,ladygaga,JOANNE,Quito,Ecuador,"Perfect Illusion OUT NOW / New Album JOANNE OCT 21 PRE-ORDER: https://t.co/8QsYawBg3M So #JOANNE is like, you know, Lady Gaga if you erase all the fame.",69193,person
19617105,FlyAirNZ,Air New Zealand️,Wellington,New Zealand,The official Air New Zealand Twitter account  We're listening 24/7. Please call 0800 737 000 for immediate assistance.,69070,airline
307781209,SMRT_Singapore,SMRT Corporation,Singapore,Singapore,"Official Twitter channel for SMRT. Offers information and real-time train service updates. For feedback, drop a line to http://t.co/G2rbdPLYAu",68858,other
3108351,WSJ,Wall Street Journal,Eastern Time (US & Canada),None,Breaking news and features from the WSJ.,68468,news
14293310,TIME,TIME,Eastern Time (US & Canada),None,Breaking news and current events from around the globe. Hosted by TIME staff. Tweet questions to our customer service team @TIMEmag_Service.,68233,news
59072662,NEAsg,NEA,Singapore,Singapore,NEA is the leading public organisation responsible for improving & sustaining a clean & green environment in Singapore. Contact us @ http://t.co/yZ9jceBqoo,66758,other
25365536,KimKardashian,Kim Kardashian West,Pacific Time (US & Canada),None,,65991,person
29498906,Xiaxue,‿ Xiaxue 彡,Singapore,Singapore,Bitching now comes in bite-sized pieces,65880,person
11348282,NASA,NASA,Eastern Time (US & Canada),None,Explore the universe and discover our home planet with @NASA. We usually post in EDT (UTC-4).,65848,other
34565395,thenewpaper,The New Paper,Singapore,Singapore,Local. Vocal. Social. Also check out @TNPSports and @TNP__M,65398,news
20536157,google,Google,Pacific Time (US & Canada),None,News and updates from Google,65221,channel
68321763,LTAsg,LTA,Singapore,Singapore,"Latest transport happenings & lifestyle updates. 

For traffic news, follow @LTATrafficNews. Check out our FB (https://t.co/Ucwpk8rJWH) & IG (@LTAsg) for more!",64183,other
19397785,Oprah,Oprah Winfrey,Central Time (US & Canada),None,,64078,person
56883209,govsingapore,Singapore Government,International Date Line West,None,"Gov.sg - the official Twitter account of the Singapore government. Your first stop for the very latest policy announcements, information and news on Singapore.",63262,other
297169759,SamsungMobile,Samsung Mobile,Eastern Time (US & Canada),None,[Statement] Samsung Urges Galaxy Note7 Users to Immediately Participate in The Replacement Program https://t.co/qyBpeBPd64,60908,brand
606437303,SGAG_SG,Mr. SGAG,Singapore,Singapore,"Your daily dose of Singaporean humor.
http://t.co/9O4olF8kpf",60067,channel
37890902,stompsingapore,Stomp Singapore,Singapore,Singapore,Award-winning Stomp is Asia's leading citizen journalism website with user-generated material fuelling its success. @stompsingapore on Instagram,59788,news
23375688,selenagomez,Selena Gomez,Pacific Time (US & Canada),None,#REVIVAL out NOW. https://t.co/zP4EExdSBG Get The Revival Tour Line: https://t.co/YHbGeHnygg,59602,person
7212562,SouthwestAir,Southwest Airlines,Central Time (US & Canada),None,We run on #SouthwestHeart. Follow for news & stories about the greatest Employees & Customers in the world. For official concerns please use the link provided.,59104,airline
23413363,KoreanAir_KE,Korean Air,Seoul,Korea,"Leading Global carrier, a founding member of SkyTeam, operates more than 400 flights per day to 131 cities in 46 countries.",58276,airline
16548023,9GAG,9GAG,Hong Kong,Hong Kong,Officially 9GAG. Follow us for LOL. get our app on http://t.co/nCs4SurI1w,58000,channel
2097571,cnni,CNN International,London,United Kingdom,"Breaking news from around the world, plus business, style, travel, sport and entertainment. We #gothere.",57500,news
15485441,jimmyfallon,jimmy fallon,Eastern Time (US & Canada),None,astrophysicist,57193,person
343627165,premierleague,Premier League,Europe/London,None,Official Twitter account of the Premier League. The official Premier League app is now LIVE and FREE to download https://t.co/2wlDwf7gu1,57033,sports
27807739,987fm,987,Singapore,Singapore,ABOVE THE NOISE. Tweets by @987Sonia / @987Kimberly / @TabithaNauser / @BoyThunder987 / @JoakimGomez,56992,channel
57034487,NaomiNeo_,Naomi Neo,Singapore,Singapore,"I've nothing to say, cos you'd judge me anyway. Hate me? Block me. 

Contact business@naomineo.com

https://t.co/7mI9vCCdps",56936,person
16409683,britneyspears,Britney Spears,Pacific Time (US & Canada),None,My new album #Glory is out now!,56927,person
91478624,Forbes,Forbes,Eastern Time (US & Canada),None,"Official Twitter account of http://t.co/iVGiXAHX, homepage for the world's business leaders.",56368,channel
180505807,instagram,Instagram,Pacific Time (US & Canada),None,Discovering — and telling — stories from around the world. Curated by Instagram's community team. Need help? Visit https://t.co/OQR3Kbbcdw.,55920,channel
34507480,ArianaGrande,Ariana Grande,Pacific Time (US & Canada),None,dangerous woman,55801,person
6449282,JetBlue,JetBlue Airways,Eastern Time (US & Canada),None,"Hi, nice to tweet you! Fly with us to 90+ destinations and experience our award-winning service. For concerns that require a response, call or email.",55380,airline
155659213,Cristiano,Cristiano Ronaldo,Madrid,Spain,This Privacy Policy addresses the collection and use of personal information - https://t.co/Jp6yh1T58c,55359,person
54904679,AirCanada,Air Canada,Eastern Time (US & Canada),None,News & more. For fare discounts & special offers follow @ACFlightOffers. | Nouvelles et plus. Pour nos offres spéciales suivez @ACFlightOffers.,54618,airline
2467791,washingtonpost,Washington Post,Eastern Time (US & Canada),None,"Tweet-length breaking news, analysis from around the world. Founded in 1877. Follow our journalists on Twitter: https://t.co/VV0UBAMHg8",54496,news
2557521,espn,ESPN,Eastern Time (US & Canada),None,"We talk about sports, sports, and well ... sports.",54410,sports
8161232,richardbranson,Richard Branson,London,United Kingdom,"Tie-loathing adventurer, philanthropist & troublemaker, who believes in turning ideas into reality. Otherwise known as Dr Yes at @virgin!",54348,person
15066760,lonelyplanet,Lonely Planet,London,United Kingdom,"Tweeting + retweeting the best in travel: in-depth articles, inspiring photography, intrepid videos. #lp | For the latest daily travel news see @lptravelnews",54248,travel
51241574,AP,The Associated Press,Eastern Time (US & Canada),None,"News from The Associated Press, and a taste of the great journalism produced by AP members and customers. Managed 24/7 by these editors: http://t.co/BibaTN49vB",54171,news
38140836,SingaporePolice,SingaporePoliceForce,Singapore,Singapore,"Welcome to Singapore Police Force’s official Twitter account. Pls do NOT report crimes here. Call 999 instead. To provide info, pls call 18002550000. Thank you.",53724,other
15425377,Airbus,Airbus,Paris,France,"A global team designing, manufacturing and supporting the world's leading aircraft... with passengers at heart and airlines in mind.",53650,travel
14159148,UN,United Nations,Eastern Time (US & Canada),None,Official twitter account of #UnitedNations. Get latest information on the #UNGA. Follow us on Snapchat: united-nations. #GlobalGoals #UN4RefugeesMigrants,52841,other
67577830,toshrock,Tosh Zhang,Singapore,Singapore,I'm thankful just to be alive cos everyday's a gift. https://t.co/jK1VqdRh5W For business enquiries: toshroc@gmail.com,52739,person
19273963,JetstarAirways,Jetstar Airways,Melbourne,Australia,"Australia's all day, every day low fares airline. Here to help with customer service queries & fantastic offers. Monitored 7am-8pm weekdays & 9am-5pm weekends.",52562,airline
12101862,VirginAmerica,Virgin America,Pacific Time (US & Canada),None,Welcome to the only mood-lit Twitter feed. Check out our blog http://t.co/rYssSyFrNc. For official complaints please visit us at http://t.co/cftZiNWDrG. Cheers!,52472,airline
85603854,JLo,Jennifer Lopez,Pacific Time (US & Canada),None,"New Single #LoveMakeTheWorldGoRound out Now! #ShadesOfBlue On NBC, https://t.co/Vr9yBT9OHp",51125,person
382267114,Android,Android,Pacific Time (US & Canada),None,"News, tips, and tricks direct from the Android team.",50602,brand
18839785,narendramodi,Narendra Modi,New Delhi,India,Prime Minister of India,50550,person
30313925,WhiteHouse,The White House,Eastern Time (US & Canada),None,"Follow for the latest from President Obama and his Administration. For tweets from the President, follow @POTUS. Tweets may be archived: https://t.co/eVVzoBb3Zr",50157,person
16365636,TripAdvisor,TripAdvisor,Eastern Time (US & Canada),None,"Know better, book better and go better on the world's largest travel site.",49960,travel
101311381,iamsrk,Shah Rukh Khan,Alaska,United States,,49833,person
74286565,Microsoft,Microsoft,Pacific Time (US & Canada),None,The official Twitter page for Microsoft consumer products and your source for major announcements and events.,49164,brand
145125358,SrBachchan,Amitabh Bachchan,Mumbai,India,Actor ... well at least some are STILL saying so !!,48955,person
487118986,XHNews,China Xinhua News,Beijing,China,"China Insight, Global View. Xinhua News Agency is the first port of call for the latest China and world news. https://t.co/U0WI8N4Fll https://t.co/IHLImeWM1V",47714,news
558797310,ManUtd,Manchester United,London,United Kingdom,Official account of Manchester United FC ️,47635,person
20823928,HeathrowAirport,Heathrow Airport,London,United Kingdom,Welcome to the official Heathrow Airport Twitter feed. We're here to help every day between 6:30am and 11pm (GMT). Follow @yourHeathrow for our expansion news.,47418,airport
87818409,guardian,The Guardian,London,United Kingdom,"Top stories, special features, live blogs and more",46790,news
166739404,EmWatson,Emma Watson,London,United Kingdom,Actor & @UN_Women Global Goodwill Ambassador.                                Facebook: EmmaWatson Instagram: EmmaWatson Goodreads: OurSharedShelf,46490,person
21764143,FlySWISS,Swiss Intl Air Lines,Bern,Switzerland,"Official twitter account of Switzerland's national airline. SWISS in CH @FlySWISS_CH, in the USA @FlySWISS_US, SWISS Cargo @SwissWorldCargo",45950,airline
88856792,aamir_khan,Aamir Khan,Mumbai,India,Actor.,45832,person
612473,BBCNews,BBC News (UK),London,United Kingdom,"News, features and analysis (https://t.co/FAlDvMvjw7). World news, follow @BBCWorld. Breaking news, follow @BBCBreaking. Latest sport news @BBCSport",45714,news
17055388,AsianaAirlines,Asiana Airlines,Pacific Time (US & Canada),None,"Official Twitter of Asiana Airlines USA. Main hub: Seoul, Korea. #ASIANA380 now operating LAX-ICN via OZ202/201. Formal responses visit http://t.co/VzCObfDbdR",44991,airline
22090282,BoeingAirplanes,Boeing Airplanes,Pacific Time (US & Canada),None,"Official Twitter of Boeing Commercial Airplanes - 
We design, build and support a family of technologically advanced commercial jets",44785,travel
132385468,BeingSalmanKhan,Salman Khan,,None,"Film actor, artist, painter, humanitarian",44534,person
26257166,SportsCenter,SportsCenter,Eastern Time (US & Canada),None,"All things sports. Nominate top plays using #SCtop10. *If you tweet or otherwise send us content, you consent to ESPN using and showcasing it in any media.*",44057,sports
20609518,DalaiLama,Dalai Lama,New Delhi,India,Welcome to the official twitter page of the Office of His Holiness the 14th Dalai Lama.,43895,person
6017542,BreakingNews,Breaking News,Eastern Time (US & Canada),None,"Be the first to know when news breaks. Get our free app to unlock more updates, see news near you and customize your alerts...",43245,news
21111883,ddlovato,Demi Lovato,Mountain Time (US & Canada),None,,43183,person
101695592,deepikapadukone,Deepika Padukone,Mumbai,India,"Live,Love,Laugh... https://t.co/W632g3qOKi",42782,person
1536791610,POTUS,President Obama,Atlantic Time (Canada),Canada,"Dad, husband, and 44th President of the United States. Tweets may be archived: http://t.co/eVVzoATsAR.",42300,person
23083404,KingJames,LeBron James,Quito,Ecuador,EST. AKRON - ST.V/M Class of '03  http://t.co/IneJylUd1m #IPROMISE,42113,person
18681139,priyankachopra,PRIYANKA,Mumbai,India,Dreamer.. Achiever..,42031,person
133880286,LeoDiCaprio,Leonardo DiCaprio,Pacific Time (US & Canada),None,Actor and Environmentalist,41579,person
1339835893,HillaryClinton,Hillary Clinton,Eastern Time (US & Canada),None,"Wife, mom, grandma, women+kids advocate, FLOTUS, Senator, SecState, hair icon, pantsuit aficionado, 2016 presidential candidate. Tweets from Hillary signed –H",41569,person
36184220,NatGeoTravel,NatGeoTravel,Eastern Time (US & Canada),None,Your guide to traveling with passion and purpose,41544,travel
21366823,allkpop,allkpop,New York,India,breaking kpop celebrity news and gossip!,41217,channel
471741741,PMOIndia,PMO India,New Delhi,India,Office of the Prime Minister of India,40810,person
15670515,Windows,Windows,Pacific Time (US & Canada),None,"Windows news, product info & global stories of people using Windows technology to #DoGreatThings. For support tweet @WindowsSupport",40693,brand
38676903,easyJet,easyJet,London,United Kingdom,"Connecting people across Europe & passionate about making travel easy & affordable. 8:00-8:00pm GMT Mon-Sun. For customer services visit
https://t.co/hOTXBHTSHz",40633,travel
113419517,iHrithik,Hrithik Roshan,Mumbai,India,Man on mission- to live the best life possible come what may.,40524,person
14511951,HuffingtonPost,Huffington Post,Eastern Time (US & Canada),None,internet lovers | sleep believers | news addicts | big font obsessives | greek yogurt fans | Sign our petition to end food waste: https://t.co/kRV9KPguV7,40429,news
25103967,Boeing,The Boeing Company,Central Time (US & Canada),None,"Boeing has a tradition of aerospace leadership and innovation, and is committed to investing in the communities where our people work and live worldwide.",40284,travel
73287339,Jetstar_Asia,Jetstar Asia,Singapore,Singapore,Low fares are just part of the story,39642,airline
352145373,WhatTheFFacts,What The F*** Facts,Central Time (US & Canada),None,All (& only) things that make you say WTF. Official Account of What The F*** Facts.,39570,channel
56505125,googlechrome,Google Chrome,Pacific Time (US & Canada),None,"The official Twitter account for the Google Chrome browser, OS, Chromebooks, Chromecast, and Web Store",39342,brand
44994215,Lufthansa_USA,Lufthansa USA,Eastern Time (US & Canada),None,Welcome to the official Lufthansa account for the US! https://t.co/bgi9PfSMN3 Request a response: https://t.co/fmhf6rQuR8,39319,airline
90420314,ActuallyNPH,Neil Patrick Harris,Pacific Time (US & Canada),None,"I dig variety acts, Pixar, puppets, prestidigitation, immersive theatre, game shows, theme parks, my family and great meals. Not necessarily in that order.",39166,person
23617610,kourtneykardash,Kourtney Kardashian,Pacific Time (US & Canada),None,Heartless,38844,person
28785486,ABC,ABC News,Eastern Time (US & Canada),None,See the whole picture with @ABC News. Join us on Facebook: https://t.co/ewMNZ54axm,38810,news
19923144,NBA,NBA,Eastern Time (US & Canada),None,"30 teams, 1 goal. #ThisIsWhyWePlay",38715,sports
243381107,GooglePlay,Google Play,Pacific Time (US & Canada),None,"We’re exploring the world’s greatest stories through movies, TV, music, games, apps, books and so much more. Up for new adventures and discoveries? Let’s play.",38637,brand
115485051,ConanOBrien,Conan O'Brien,Alaska,United States,"The voice of the people. Sorry, people.",38537,person
32959253,khloekardashian,Khloé,Pacific Time (US & Canada),None,Get my official app #unlockmyworld https://t.co/t7gWBbUMY7,38472,person
184910040,Adele,Adele,Quito,Ecuador,https://t.co/5Vf55N5xFe,38452,person
31348594,akshaykumar,Akshay Kumar,Mumbai,India,,38326,person
27195114,Drake,Drizzy,Quito,Ecuador,Views From The 6,38229,person
2803191,intel,Intel,Pacific Time (US & Canada),None,"Intel news, views & events about global tech innovation. Looking for support? Tweet @IntelSupport",37978,brand
44409004,shakira,Shakira,Eastern Time (US & Canada),None,#LaBicicleta @CarlosVives & Shakira. iTunes: https://t.co/soIQTtdbP9  https://t.co/oEZtqqavxC,37653,person
1251828655,TheDeeKosh,Dee Kosh,Beijing,China,i talk on the radio @Power98. I talk on YouTube. In a loving long term relationship with Fried Chicken Contact : deekosh@gmail.com,37611,person
33933259,UNICEF,UNICEF,Eastern Time (US & Canada),None,"UNICEF promotes the rights and wellbeing of every child in 190 countries and territories, with a special focus on reaching those in greatest need.",37562,other
637313893,IBGDRGN,G-DRAGON,Seoul,Korea,▒ ONE AND ONLY GD ▒ http://t.co/94cfAZzmy9｜http://t.co/YepKJotLhA｜http://t.co/z4O2zgQL5q｜instagram:XXXIBGDRGN | http://t.co/Txk7haRyAV,37378,person
16211434,TravelLeisure,Travel + Leisure,Eastern Time (US & Canada),None,"Your connection to the world of travel, brought to you by our editors. Questions? Stories? Please share! Social media terms: http://t.co/EZJig77Mz1",37288,travel
19895282,arrahman,A.R.Rahman,Chennai,India,Grammy and Academy Award winning musician,37131,person
157140968,KendallJenner,Kendall,Pacific Time (US & Canada),None,Model • The Society Management // Elite Paris // Elite London // Elite Milan,36951,person
4898091,FinancialTimes,Financial Times,London,United Kingdom,"Headlines from the FT. Follow us on @FT for news stories, features and updates. Our customer service team is @FTcare.",36910,news
1367531,FoxNews,Fox News,Eastern Time (US & Canada),None,"America’s Strongest Primetime Lineup Anywhere! Follow America's #1 cable news network, delivering you breaking news, insightful analysis, and must-see videos.",36892,news
38679388,gmail,Gmail,Pacific Time (US & Canada),None,"News, tips and tricks from the Gmail team. Need help? Fly on over to our Help Center or forum.",36458,brand
268414482,MileyCyrus,Miley Ray Cyrus,Pacific Time (US & Canada),None,Miley Cyrus & Her Dead Petz out now fo freeeeeee mothaaaa fuckazzz!,36431,person
627673190,ChampionsLeague,Champions League,Amsterdam,Netherlands,The official home of the UEFA Champions League on Twitter.     Spanish account: @LigadeCampeones U19: @UEFAYouthLeague,36056,sports
14363353,travelchannel,Travel Channel,Eastern Time (US & Canada),None,The official Twitter account of Travel Channel (US). Follow us to talk about all things travel!,35641,travel
113292385,AirAsiaId,AirAsia Indonesia,Jakarta,Indonesia,"Maskapai penerbangan berbiaya hemat dan inovatif. 
untuk segala pertanyaan/complaint silakan langsung mention @askairasia",35158,airline
34713362,business,Bloomberg,Eastern Time (US & Canada),None,The first word in business news.,35132,news
444413055,smrtsg,SMRT Feedback,Midway Island,United States,Singapore's Social Media Badass.,35083,person
23151437,KevinHart4real,Kevin Hart,Pacific Time (US & Canada),None,My name is Kevin Hart and I WORK HARD!!! That pretty much sums me up!!! Everybody Wants To Be Famous But Nobody Wants To Do The Work,34917,person
236699098,KylieJenner,Kylie Jenner,Alaska,United States,https://t.co/zL7ck5tYyk https://t.co/ExGKy1KFmO,34903,person
30973,Starbucks,Starbucks Coffee,Pacific Time (US & Canada),None,"Inspiring and nurturing the human spirit—one person, one cup, one neighborhood at a time.",34804,brand
28706024,Pink,P!nk,Pacific Time (US & Canada),None,it's all happening,34768,person
71201743,imVkohli,Virat Kohli,New Delhi,India,"The Official twitter account of Virat Kohli, Indian cricketer,gamer,car lover,loves soccer and an enthusiast",34765,person
1330457336,billclinton,Bill Clinton,Eastern Time (US & Canada),None,"Founder, Clinton Foundation and 42nd President of the United States. Follow @clintonfdn for more on my work around the world.",34723,person
972651,mashable,Mashable,Eastern Time (US & Canada),None,"News, resources, inspiration and fun for the connected generation. Tweets by @mashable staff.",34665,news
155418706,IndonesiaGaruda,Garuda Indonesia,Jakarta,Indonesia,"The Airline Of Indonesia | 24 hours Call Center 08041807807, +622123519999 | sosialmedia@garuda-indonesia.com |Facebook https://t.co/c2c2QMoNGf",34651,airline
17093617,hootsuite,Hootsuite,Pacific Time (US & Canada),None,Social media news and tips from the world’s most widely used social relationship platform. Sign up for free: http://t.co/Zmrb0hY23s Support: @Hootsuite_Help,34567,news
87170183,juniorbachchan,Abhishek Bachchan,Hawaii,United States,"Actor, sports fan.... Yup, that's about it.",34271,person
78084813,USAirways,US Airways,Pacific Time (US & Canada),None,,34104,airline
43815496,TheRealRyanHiga,Ryan Higa,Pacific Time (US & Canada),None,"That asian on youtube #higaholics
New #TEEHEE app here:
iPhone: http://t.co/YJn1KuC9bQ 
Android: http://t.co/0LokdFMnO6",34102,person
135421739,sachin_rt,sachin tendulkar,,None,Proud Indian,34043,person
169686021,kanyewest,KANYE WEST,Hawaii,United States,,33847,person
25792111,QantasUSA,Qantas Airways USA,Pacific Time (US & Canada),None,Official Qantas USA. Follow us for USA news & fare sales. Visit https://t.co/2rwl9Mp5h8. For travel q's you may contact @Qantas. We’re here Mon-Fri 9am-5pm PST.,33791,airline
14173315,NBCNews,NBC News,Eastern Time (US & Canada),None,"A leading source of global news and information for more than 75 years. 
 
Facebook: https://t.co/oeDi7xACU7 

Snapchat: https://t.co/suOkoNb0KE",33752,news
57928790,karanjohar,Karan Johar,Mumbai,India,Filmmaker....,33717,person
51376979,sonamakapoor,Sonam Kapoor,Mumbai,India,"a female actor who lives to eat and read in that order.

https://t.co/0xFnHBrZbs",33689,person
173992307,BBC_Travel,BBC Travel,Eastern Time (US & Canada),None,Discover new cultures. Embark on new adventures. Celebrate. Explore. Engage. BBC Travel: Inspiring you to fall in love with the world.,33228,travel
95023423,UberFacts,UberFacts,Central Time (US & Canada),None,The most unimportant things you'll never need to know.,33201,channel
20322929,wizkhalifa,Wiz Khalifa,Eastern Time (US & Canada),None,Taylor Gang,33135,person
25073877,realDonaldTrump,Donald J. Trump,Eastern Time (US & Canada),None,,33107,person
15492359,TEDTalks,TED Talks,Eastern Time (US & Canada),None,The official feed for http://t.co/XyGsGk6F0m. Ideas worth spreading.,32897,channel
183230911,aliaa08,Alia Bhatt,,None,Beautifully chaotic :),32833,person
140070953,FIFAcom,FIFA.com,London,United Kingdom,"Bringing you interviews, features and news on FIFA and our 211 Member Associations. https://t.co/Qgt2IiVKey",32724,sports
265902729,BBCSport,BBC Sport,Hawaii,United States,Official https://t.co/XsBH2P4slh account. Also from @bbc - @bbcmotd @bbcf1 @bbctms @bbctennis @bbcrugbyunion & @bbcgetinspired,32092,sports
134758540,timesofindia,Times of India,New Delhi,India,"News. Views. Analyses. Conversations. India’s No.1 digital news destination, world’s largest-selling English newspaper.",32040,news
20168940,JoannePeh,Joanne Peh,Singapore,Singapore,"Actress, Singapore. Loves art, music, literature & fashion.",31888,person
97865628,FarOutAkhtar,Farhan Akhtar,New Delhi,India,Writer. Director. Actor. Singer/Songwriter. Founder- @MardOfficial Initiative | @UN_Women Goodwill Ambassador(South Asia),31844,person
19110632,TravelMagazine,The Travel Magazine,London,United Kingdom," Get the latest travel news, articles, reports, guides, offers, competitions and more from https://t.co/0In5ml7F8A - we'd love to hear from you too.",31818,travel
209708391,onedirection,One Direction,,None,1D's album Made in the A.M. is OUT NOW: https://t.co/gtTGAb8uTh |,31784,person
816653,TechCrunch,TechCrunch,Pacific Time (US & Canada),None,"Breaking technology news, analysis, and opinions from TechCrunch. The number one guide for all things tech.
Got a tip? Let us know tips@techcrunch.com",31741,news
112377315,kimberly_chia,Kimberly Chia,Singapore,Singapore,"A blessed girl having the time of her life. Learning to appreciate everything that is life.  
kimberlychia.sg",31706,person
116362700,LilTunechi,Lil Wayne WEEZY F,Alaska,United States,IM YOUNG MONEY http://t.co/wMwkyzCu,31644,person
17874544,Support,Twitter Support,Pacific Time (US & Canada),None,"We Tweet tips and tricks to help you boost your Twitter skills and keep your account secure. For detailed help, visit http://t.co/qq1HEzdMA2.",31616,other
91573146,speishi,Peishi Soh,Singapore,Singapore, Instagram: @speishi ∞ https://t.co/bJzgoclHvz ∞ Email me at speishi@hotmail.com,31529,person
56631494,shahidkapoor,Shahid Kapoor,Mumbai,India,"Actor, Dreamer, Lover, Believer .",31492,person
44084633,LouisVuitton,Louis Vuitton,Paris,France,The official Twitter page for Louis Vuitton Worldwide. Contact client services at @LVServices for customer assistance and personalised advice.,31437,brand
285332860,WayneRooney,Wayne Rooney,Hawaii,United States,@NikeUK athlete https://t.co/3yp07llC6E @triplessports,31385,person
136361303,voguemagazine,Vogue Magazine,Quito,Ecuador,The official twitter page of Vogue Magazine.,31364,channel
33801019,ParineetiChopra,Parineeti Chopra,Mumbai,India,Instagram - Parineetichopra. Snapchat - ChopraParineeti,31275,person
94163409,sonakshisinha,Sonakshi Sinha,Mumbai,India,"Shotgun Junior! Instagram: aslisona, Snapchat: aslisonasnap",31196,person
54829997,AnushkaSharma,Anushka Sharma,Hawaii,United States,,31175,person
19426551,NFL,NFL,Eastern Time (US & Canada),None,Official Twitter account of the National Football League. Our Social Media Policy: https://t.co/Og68FW2cN7,31080,sports
27067896,IATA,IATA,Eastern Time (US & Canada),None,The International Air Transport Association (IATA) is the global trade association of airlines. Our 260 members comprise 83% of total air traffic.,30933,travel
14677919,NewYorker,The New Yorker,Eastern Time (US & Canada),None,"The New Yorker is a weekly magazine with a mix of reporting on politics and culture, humor and cartoons, fiction and poetry, and reviews and criticism.",30645,channel
100220864,BrunoMars,Bruno Mars,Pacific Time (US & Canada),None,,30602,person
2459371,Skype,Skype,Pacific Time (US & Canada),None,The latest news and updates from the team at Skype. Follow the link below to discover all the wonderful things Skype has to offer.,30522,brand
50374439,tomhanks,Tom Hanks,Pacific Time (US & Canada),None,"I'm that actor in some of the movies you liked and some you didn't. Sometimes I'm in pretty good shape, other times I'm not. Hey, you gotta live, you know?",30220,person
519332561,TrulyNoah,Noah Yap 叶荣耀,Singapore,Singapore,Actor • Host • YouTuber Business enquiries: nyry-.-@hotmail.com,30206,person
1344951,WIRED,WIRED,Pacific Time (US & Canada),None,WIRED is where tomorrow is realized.,30201,channel
17219108,CNTraveler,Condé Nast Traveler,Eastern Time (US & Canada),None,"At home in the world. 

Snapchat: CNTraveler",30148,travel
76294950,AnupamPkher,Anupam Kher,New Delhi,India,Actor/Teacher/Author/Motivational Speaker/@UN_Women Champion of Gender Equality @HeForShe,29762,person
15012486,CBSNews,CBS News,Eastern Time (US & Canada),None,The official twitter feed of @CBSNews. Follow for original reporting and trusted news.,29698,news
18949452,FT,Financial Times,London,United Kingdom,"News stories, features and updates from the FT. For headlines follow @financialtimes. Our customer service team is @FTcare.",29672,news
37034483,ndtv,NDTV,New Delhi,India,Breaking news alerts from India,29577,news
326359913,CHANEL,CHANEL,Paris,France,"'CHANEL is above all a style. Fashion passes, style remains.' Gabrielle Chanel",29295,brand
348379865,Dior,Dior,Paris,France,,29290,brand
31311757,googlemaps,Google Maps,Pacific Time (US & Canada),None,Photographic dispatches from Planet Earth.,29231,brand
25521487,danieltosh,daniel tosh,Pacific Time (US & Canada),None,not a doctor,29057,person
277434037,RNTata2000,Ratan N. Tata,Mumbai,India,"Former Chairman of Tata Group. Personal interests : - aviation, automobiles, scuba diving and architectural design.",28908,person
119002935,_austrian,Austrian Airlines,Vienna,Austria,"Official Austrian Airlines twitter Channel - the charming way to fly! For compliments and complaints, please refer to https://t.co/ODtoNtlX4z.",28848,airline
268439864,xtina,Christina Aguilera,Pacific Time (US & Canada),None,,28561,person
18863815,coldplay,Coldplay,,None,"New album, A Head Full Of Dreams, out now worldwide. #AHFODtour runs through 2016. Spanish language account: @coldplay_es",28400,person
405427035,ArvindKejriwal,Arvind Kejriwal,Kolkata,India,Political revolution in India has begun. Bharat jaldi badlega. Arvind Kejriwal.,28375,person
230502627,Zongino,Zongino,Midway Island,United States,OUT OF THIS WORLD FUN,28298,person
33875003,Gatwick_Airport,Gatwick Airport LGW,London,United Kingdom,We're here 24/7 to answer your questions and help you have a great experience at Gatwick. Follow @LGWobviously for runway 2 news.,27993,airport
14920785,blakeshelton,Blake Shelton,Central Time (US & Canada),None,The Official Blake Shelton Twitter. You're getting the real BS straight from Blake himself. (And a few official updates from Team BS too),27850,person
1774391,nytimestravel,NY Times Travel,Eastern Time (US & Canada),None,Travel news and features from around the world.,27845,travel
23976386,davidguetta,David Guetta,Paris,France,Official David Guetta Twitter Page. http://t.co/RMCqdEM9XC,27820,person
237093193,thejianhaotan,JianHao F² Tan,Singapore,Singapore,"To catch me, you gotta be fast. To find me, you gotta be smart. To be me... lol, you gotta be kidding.  https://t.co/jivUlIUvfu",27706,person
26243008,muttons,MuttonsInTheMorning,Singapore,Singapore,Muttons In The Morning - Weekdays 6am-10am on Class95FM. Radio geeks. Loves 4-ply tissue.,27621,channel
14872237,realmadrid,Real Madrid C. F.,Madrid,Spain,"Cuenta oficial del Real Madrid C.F., ENGLISH @realmadriden, FRANÇAIS @realmadridfra, العربيه @realmadridarab, 日本語 @realmadridjapan.",27604,sports
27860681,WorldBank,World Bank,Eastern Time (US & Canada),None,The official World Bank Twitter feed. The World Bank's mission is to fight poverty with passion and professionalism for lasting results.,27497,other
35094637,aliciakeys,Alicia Keys,Eastern Time (US & Canada),None,"Passionate about my work, in love with my family and dedicated to spreading light. It's contagious! ;-) https://t.co/vZcUuNOKcz",27351,person
158487331,neymarjr,Neymar Jr,Brasilia,Brazil,"Filho de Deus, Pai, Feliz e Ousado !",27243,person
74580436,AppleMusic,Apple Music,Pacific Time (US & Canada),None,All the ways you love music. All in one place.,27073,brand
73992972,AvrilLavigne,Avril Lavigne,Pacific Time (US & Canada),None,Get 'Avril Lavigne' on iTunes now: https://t.co/m8yd5aoLeN,27068,person
101743223,Alitalia,Alitalia,Rome,Italy,Welcome to the official AlitaliaTwitter account! Follow us for latest news and events!,26968,travel
1337785291,rogerfederer,Roger Federer,Paris,France,Professional tennis player,26925,person
117662694,NatGeoPhotos,Nat Geo Photography,Eastern Time (US & Canada),None,All things photography from National Geographic. Like us on Facebook: https://t.co/17NiJ0092Z,26891,channel
13192972,AlaskaAir,Alaska Airlines,Pacific Time (US & Canada),None,Official account of Alaska Airlines. Our Social Care team is here for you 24/7. For a formal response: https://t.co/NejvhDF05N. Tag photos with #iFlyAlaska,26889,airline
361812836,hmsingapore,H&M Singapore,Singapore,Singapore,Fashion and quality at the best price.,26743,brand
6253282,twitterapi,Twitter API,Pacific Time (US & Canada),None,"The Real Twitter API. I tweet about API changes, service issues and happily answer questions about Twitter and our API. Don't get an answer? It's on my website.",26709,other
130834357,donghae861015,Super Junior 이동해,Seoul,Korea,SJ,26666,person
31927467,pitbull,Pitbull,Eastern Time (US & Canada),None,Mr. Worldwide. Musician. Entertainer. Entrepreneur.,26659,person
68977380,thekiranbedi,Kiran Bedi,New Delhi,India,"LtGov.Puducherry,IPS (retd),Magsaysay Awardee,former UN Police Advisor,Asian Tennis Champ,Law,PhD-IIT,Nehru Fellow,Author,Voted Most Trusted,Admired Woman,2NGOs",26650,person
54502344,MercedesBenz,Mercedes-Benz,Berlin,Germany,Welcome to Mercedes-Benz – stay informed and follow us. For technical assistance please contact your local dealer. Provider: https://t.co/dIo7vVvhBh,26649,brand
47459700,Burberry,Burberry,London,United Kingdom,Shop the show: https://t.co/1F5QFB7Bjc,26484,brand
344634424,RafaelNadal,Rafa Nadal,Hawaii,United States,Tennis player.,26457,person
24886570,maroon5,Maroon 5,Pacific Time (US & Canada),None,"This is the Official Twitter page for Maroon 5
@adamlevine @jamesbvalentine @JRCarmichael and @pjmorton. #V out now! http://t.co/pqyCrYEX2h",26450,person
96951800,FCBarcelona,FC Barcelona,Paris,France,"More official accounts @fcbarcelona_cat @fcbarcelona_es @fcbarcelona_br @fcbarcelona_jp @fcbarcelona_id, @fcbarcelona_ara @fcbarcelona_fra @fcbarcelona_tr",26397,sports
91227352,HungryGoWhere,HungryGoWhere,Singapore,Singapore,"First stop for the Hungry. Singapore's best food & restaurants, promos & latest reviews - by the community, for the community. We help each other w/ what to eat",26308,brand
60865434,KAKA,Kaka,Brasilia,Brazil,https://t.co/6tgzPaNfFt,26274,person
181561712,Harry_Styles,Harry Styles.,Pacific Time (US & Canada),None,Raconteur.  https://t.co/gtTGAbq5KP,26253,person
7587032,SkyNews,Sky News,London,United Kingdom,"Stories direct from the @SkyNews newsroom. Tweet us your queries and questions. For breaking news, follow @SkyNewsBreak.",26242,news
185314895,victoriabeckham,Victoria Beckham,,None,The Official Twitter page for Victoria Beckham,26112,person
34442404,Sony,Sony,Eastern Time (US & Canada),None,The official Twitter account for Sony in the United States.,26049,brand
79708561,Asli_Jacqueline,Jacqueline Fernandez,Hawaii,United States,Actress,25974,person
44588485,chetan_bhagat,Chetan Bhagat,Mumbai,India,The CB family!,25760,person
15519886,WestJet,WestJet,Mountain Time (US & Canada),None,Welcome to the official WestJet Twitter account! We're online and available to help 24/7. Please send personal info via direct message only.,25733,airline
74594552,AppStore,App Store,Pacific Time (US & Canada),None,,25701,brand
500704345,Pontifex,Pope Francis,Rome,Italy,Welcome to the official Twitter page of His Holiness Pope Francis,25691,person
1093090866,FLOTUS,The First Lady,Eastern Time (US & Canada),None,This account is run by the Office of First Lady Michelle Obama. Tweets from the First Lady are signed –mo. Tweets may be archived. More at https://t.co/eVVzoBb3Zr,25685,person
15754281,USATODAY,USA TODAY,Eastern Time (US & Canada),None,The latest news and most interesting stories from USA TODAY. News that's meant to be shared.,25669,news
107318424,bipsluvurself,Bipasha Basu,Mumbai,India,An Actor & fitness enthusiast who believes in the philosophy of ''Love Yourself... Watch this space for the real me.,25658,person
19058681,aplusk,ashton kutcher,Eastern Time (US & Canada),None,"I make stuff, actually I make up stuff, stories mostly, collaborations of thoughts, dreams, and actions. Thats me.",25541,person
415859364,Nike,Nike,Pacific Time (US & Canada),None,#justdoit,25510,brand
65659343,ajaydevgn,Ajay Devgn,New Delhi,India,"strong beliefs win strong men, and then make them stronger. @ShivaayTheFilm",25410,person
10671602,PlayStation,PlayStation,Pacific Time (US & Canada),None,"Official Twitter updates on PlayStation, PS4, PS VR, PS3, PS Vita, and PSN. Titles rated E-M. Support channel: @AskPlayStation",25386,brand
37589139,cathaypacificUS,Cathay Pacific US,Pacific Time (US & Canada),None,"Greetings! This Twitter page is managed by Nancy in San Francisco, M-F, 9am-5pm.",25299,airline
14700316,hrw,Human Rights Watch,Eastern Time (US & Canada),None,"We provide timely information on #humanrights crises in 90+ countries. Curated by @jimmurphysf, @astroehlein & @snorthfield45 Staff list https://t.co/wBw0SILvlQ",25298,other
27466653,Zoella,Zoë,London,United Kingdom,"YouTuber, Blogger, Friend & Pizza Addict ",25178,person
59419156,PAPSingapore,PAP Singapore,International Date Line West,None,"Published by and at the direction of the People's Action Party, 57B New Upper Changi Road, #01-1402, Singapore 463057

Instagram: @papsingapore",25118,other
121044171,ImRaina,Suresh Raina,New Delhi,India,"Cricket is my Passion, Fans are my Strength and Family is my Support",25088,person
27650674,Audi,Audi,Eastern Time (US & Canada),None,The official Twitter account of Audi of America.,24951,brand
1379801,SAS,SAS,Stockholm,Sweden,"The largest airline company in Scandinavia, flying to and from Europe, with flights to North America and Asia. Customer service: flysas.com or facebook.com/SAS",24919,airline
24929621,ParisHilton,Paris Hilton,Pacific Time (US & Canada),None,My new fragrance #GoldRush is now available  https://t.co/Or93I1Mxuu,24840,person
27042513,RealHughJackman,Hugh Jackman,Pacific Time (US & Canada),None,Instagram: @TheHughJackman,24732,person
17842366,Discovery,Discovery,Eastern Time (US & Canada),None,Grab life by the globe!,24676,channel
16303106,StephenAtHome,Stephen Colbert,Eastern Time (US & Canada),None,Vehicle,24648,person
788524,guardiannews,Guardian news,London,United Kingdom,The latest stories from the @guardian's news desks.,24624,news
128155589,TheVijayMallya,Vijay Mallya,Mumbai,India,"Former Member of Parliament, India, Chairman, The UB Group, Co-owner & Team Principal Sahara Force India Formula 1",24588,person
2183816041,arunjaitley,Arun Jaitley,Chennai,India,"Minister of Finance & Corporate Affairs, Government of India",24512,person
18676177,jamieoliver,Jamie Oliver,London,United Kingdom,Official Jamie Oliver: Proud Dad & Chef,24455,person
34613288,Arsenal,Arsenal FC,London,United Kingdom,"The official club website brings you all the latest #Arsenal news, views and ticket information from Emirates Stadium

Follow:
@OfficialAFC_ID
@OfficialAFC_ES",24378,sports
317034396,ShraddhaKapoor,Shraddha Kapoor,Mumbai,India,Living the dream!,24373,person
2367911,MTV,MTV,Eastern Time (US & Canada),None, tweets by @kaitiii | snapchat: mtv,24343,channel
92724677,virendersehwag,Virender Sehwag,New Delhi,India,"Indian Cricketer.
For Endorsements, Events , Social Media Campaigns call Amritanshu +91 9873690935
,For Sehwag International School call +91 9711188700",24294,person
35936474,KDTrey5,Kevin Durant,Central Time (US & Canada),None,"IM ME, I DO ME, AND I CHILL",24231,person
115341081,TheShilpaShetty,SHILPA SHETTY KUNDRA,Mumbai,India,"Full time Mother & Wife,part time Actor, Author of @greatindiandiet ,Yoga enthusiast Entrepreneur ,Founder of @Iosis Spa&Salons, @viaanmobiles & @SSFCare my NGO",24222,person
25360913,Lufthansa_DE,Deutsche Lufthansa,Bern,Switzerland,"Das ist der offizielle Lufthansa_DE Twitter-Kanal. Bitte richtet Anregungen, Lob oder Kritik an: https://t.co/GjRy7UfyzU",24220,airline
14499829,WHO,WHO,Bern,Switzerland,"Official Twitter account of the World Health Organization, the United Nations' health agency",24196,other
240649814,TimesNow,TIMES NOW,New Delhi,India,Times Now is India’s most watched English news channel. Follow us for breaking news & updates.,24189,news
259925559,DjokerNole,Novak Djokovic,Belgrade,Serbia,"Laugh as long as you breathe, love as long as you live!",24162,person
12397052,luxury__travel,A Luxury Travel Blog,London,United Kingdom,Blogging on all things luxury travel at http://t.co/qClm5pokjd - please contact us via the blog ( http://t.co/ItuVWGd0i7 ),24142,travel
57998991,Riteishd,Riteish Deshmukh,Mumbai,India,"Life is a Drawing Board, Sharpen your pencil, dont forget the eraser.",24111,person
57016932,Porsche,Porsche,Eastern Time (US & Canada),None,The official Twitter handle of Porsche Cars North America. Our Customer Care team is here to help. Tweet #PorscheCares or call 1-800-PORSCHE for assistance.,24093,brand
69183155,detikcom,detikcom,Jakarta,Indonesia,"Official Twitter of http://t.co/oOBkZ1EQMA. redaksi@detik.com | promosi@detik.com | 
Android: http://t.co/uBAYnisH9r
iPhone: http://t.co/36uDqdyxKN",24034,news
14918367,jetairways,Jet Airways,Calcutta,India,The official Twitter account of Jet Airways. Follow us for interesting updates and information!,23996,airline
323319539,Lamborghini,Lamborghini,Rome,Italy,Visionary | Cutting Edge | Pure Super Sports Car Maker. #Lamborghini,23978,brand
15439395,stephenfry,Stephen Fry,London,United Kingdom,Actor and writer currently working on new TV comedy @GreatIndoorsCBS Instagram – stephenfryactually,23953,person
138372303,FIFAWorldCup,FIFA World Cup,Baghdad,Iraq,Updates for Russia 2018 provided by the Official Site of the FIFA World Cup,23946,sports
87174678,MirzaSania,Sania Mirza,Hawaii,United States,Dreamer.Believer.Doer. Even against all odds./ @UN_Women Goodwill Ambassador for South Asia,23897,person
79320096,Citi,Citi,Quito,Ecuador,Serving as a trusted partner to our clients by responsibly providing financial services that enable growth & economic progress. Customer service: @AskCiti,23803,brand
21887420,GuardianTravel,Guardian Travel,London,United Kingdom,"The latest travel news, insider guides, emerging destinations, new hotels and travel trends from the @Guardian. Instagram: guardiantravelsnaps",23792,travel
2425151,facebook,Facebook,Pacific Time (US & Canada),None,Giving people the power to share and make the world more open and connected.,23456,brand
373471064,TwitterMusic,Twitter Music,Hawaii,United States,Music related Tweets from around the world.,23421,brand
303862998,PDChina,"People's Daily,China",Eastern Time (US & Canada),None,"The largest newspaper group in China; Timely updates 
https://t.co/GjIOtXvfA2 https://t.co/nCvfm8gTgr",23307,news
24727891,nokia,Nokia,Helsinki,Finland,Are you ready for a new era of technology? Join us in expanding the human possibilities of the connected world.,23277,brand
21425125,UberSoc,UberSocial,Pacific Time (US & Canada),None,"A full-featured, customizable Twitter app just for you. For support, please submit tickets here: http://t.co/PBWcqQ73",23268,other
1542862735,Ryanair,Ryanair,Dublin,Ireland,Thanks for choosing Europe's favourite airline! We're here 7am - 9pm everyday. Ryanair. Low Fares. Made Simple. Live Flight Info here: https://t.co/cnePB7yLGg,23232,airline
16425197,Lumia,Lumia,Pacific Time (US & Canada),None,"The official destination for the latest news, updates and insights from the Microsoft Lumia team. For support Tweet @LumiaHelp",23188,brand
177547780,ICC,ICC,London,United Kingdom,"The official twitter account of the International Cricket Council, world cricket’s governing body #CT17 Starts June 1st 2017",23161,other
533085085,MesutOzil1088,Mesut Özil,London,United Kingdom,Football player for @arsenal & @DFB_Team,23056,person
113278275,bomanirani,Boman Irani,Mumbai,India,work in progress,23052,person
219617448,SushmaSwaraj,Sushma Swaraj,New Delhi,India,Minister of External affairs,23050,person
14800270,HarvardBiz,Harvard Biz Review,Eastern Time (US & Canada),None,The leading destination for smart management thinking. Click here to subscribe: https://t.co/7mnPc2GE4Q,23022,channel
1545994664,BMW,BMW,Berlin,Germany,Welcome to the official #BMW account. http://t.co/VjgKsKkFhI,22878,brand
32359921,EconBizFin,The Economist,London,United Kingdom,"Official posts from The Economist on Business, Finance and Economics. Subscribe to our Money Talks podcast here https://t.co/3cTKbmDJha",22878,channel
378197959,3M,3M,Central Time (US & Canada),None,"Here, we innovate with purpose & use #science every day to create real impact in every life around the world. #Lifewith3M",22778,brand
68497896,RanveerOfficial,Ranveer Singh,Mumbai,India,Living the dream.......,22758,person
85772748,dolcegabbana,Dolce & Gabbana,Rome,Italy,,22655,brand
300392950,TwitterSports,Twitter Sports,Pacific Time (US & Canada),None,Official Account run by the Global Sports Team @Twitter.,22648,sports
33868638,shrutihaasan,shruti haasan,,None,everything in its right place,22640,person
87118217,ShaneWarne,Shane Warne,Melbourne,Australia,A proud father to 3 wonderful teenagers. Played cricket. Now cricket commentary. Cricket All Stars owner. Poker player & lover of 80's music. Single/Australian,22632,person
1492538024,KapilSharmaK9,KAPIL,Chennai,India,Actor...who loves to make ppl laugh... ..https://t.co/lvWDr75m4z,22594,person
65268724,ChangiAirport,Changi Airport,Singapore,Singapore,"The official #ChangiAirport Twitter account for the latest news, events & deals. You may also follow @ChangiAirport on Facebook, Instagram, YouTube & LinkedIn.",22508,airport
22910295,ChelseaFC,Chelsea FC,London,United Kingdom,Welcome to the official Twitter account of Chelsea Football Club.,22485,sports
195703895,TheFarahKhan,Farah Khan,Mumbai,India,"Film Director, Choreographer, Producer, now Actress & proud Mother of Triplets.",22477,person
84554399,thesushmitasen,sushmita sen,Mumbai,India,I AM,22416,person
92367751,jessicaalba,Jessica Alba,Pacific Time (US & Canada),None,"Mom of 2, Founder of The Honest Company, amateur chef, terrible speller, loyal friend, hilarious at times... I play make believe for a living",22332,person
36327407,htTweets,Hindustan Times,New Delhi,India,One of India's largest media companies. Latest news from around the world. Retweets are not endorsements.,22186,news
19248106,MariahCarey,Mariah Carey,Eastern Time (US & Canada),None,New album #1toInfinity out now!,22141,person
230845588,Persie_Official,Robin van Persie,,None,@Fenerbahce,22123,person
16193578,VictoriasSecret,Victoria's Secret,Eastern Time (US & Canada),None,"Welcome to the official feed for Victoria’s Secret, where Angels, Bombshells & the sexiest followers on Twitter get their fix for everything VS.",22099,brand
139876086,ABdeVilliers17,AB de Villiers,Greenland,Greenland,"Professional Cricket player
Proudly South African",22055,person
45452226,henrygayle,Chris Gayle,Mountain Time (US & Canada),None,Universe-Boss / 'Chris d Lion',21945,person
47786101,RobertDowneyJr,Robert Downey Jr,Pacific Time (US & Canada),None,You know who I am.,21918,person
16190898,RyanSeacrest,Ryan Seacrest,Pacific Time (US & Canada),None,The day will happen whether or not you get up. - John Ciardi,21907,person
130104041,smritiirani,Smriti Z Irani,Mumbai,India,"Union Cabinet Minister of Textiles, Government of India. Member of Parliament, Rajya Sabha representing the state of Gujarat.",21894,person
15110357,ReutersBiz,Reuters Business,Quito,Ecuador,"Top business news around the world. Join us @Reuters, @breakingviews, @ReutersGMF",21888,news
14224719,Number10gov,UK Prime Minister,London,United Kingdom,"Official channel for Prime Minister Theresa May's office, based at 10 Downing Street. Tweets before 5pm, 13 July 2016 are from the previous Prime Minister.",21875,person
17365848,Expedia,Expedia,Pacific Time (US & Canada),None,"Travel tips, inspiration & deals from https://t.co/fcT976R6Hd. Customer service from 5am-10pm PT daily. Have you checked out the Expedia Viewfinder blog yet?",21854,travel
740336334,GarethBale11,Gareth Bale,London,United Kingdom,Footballer. @realmadrid and @FAWales. Instagram - https://t.co/nWn3lae5ky,21845,person
21814628,Australia,Australia,Sydney,Australia,Tourism Australia's official account. We're also @Australia on Instagram.,21845,other
78021221,armani,Armani,Rome,Italy,https://t.co/DPsTDtdQXH,21771,brand
54524468,TigerairSG,TigerairSG,Singapore,Singapore,The official Twitter page of Tigerair Singapore,21736,airline
85452649,edsheeran,Ed Sheeran,Chihuahua,Mexico,x,21703,person
15224867,andersoncooper,Anderson Cooper,Eastern Time (US & Canada),None,tweets by Anderson Cooper. Anchor of @AC360 on CNN and correspondent on @60Minutes. Author of NYTimes Best Seller - The Rainbow Comes And Goes,21694,person
69231187,UNHumanRights,UN Human Rights,Paris,France,The United Nations #HumanRights office is led by High Commissioner #Zeid,21688,other
108936259,rampalarjun,arjun rampal,Mumbai,India,To touch is to heal. To hurt is to steal. Let's heal.,21661,person
44886859,GoogleTravel,Google Travel Team,Pacific Time (US & Canada),None,Google's Travel Team (Official): Here to provide the latest industry news & data,21656,travel
64643056,RT_com,RT,Moscow,Russia,"RT, the global news network, broadcasts from Moscow, London and Washington studios to over 100 countries.",21653,news
14399483,hm,H&M,Stockholm,Sweden,"Welcome to H&M's official Twitter account. For customer service, please tweet @hm_custserv or visit https://t.co/pDnuki6akQ.",21626,brand
19407053,Entrepreneur,Entrepreneur,Pacific Time (US & Canada),None,"Inspiring, informing and celebrating entrepreneurs since 1973. Please tweet @EntCommunity for questions and event live-feeds.",21528,channel
92726549,geneliad,Genelia Deshmukh,New Delhi,India,,21491,person
16031536,fodorstravel,Fodor's Travel,Pacific Time (US & Canada),None,Travel Intelligence to give you insightful observations and recommendations to plan your next getaway.,21490,travel
130649891,twittermedia,Twitter Media,Pacific Time (US & Canada),None,"Discover the best content on Twitter, across news, sports, entertainment, politics, music, and lifestyle.",21483,channel
16629918,Iberia,Iberia,Madrid,Spain,A tu servicio 24 horas los 365 días del año. ¿En qué podemos ayudarte desde aquí? ¡Te leemos! :),21480,airline
61159473,BoyThunder987,Gerald Koh,International Date Line West,None,"#TheBroCode987 Weekdays 4 - 8pm @987FM 
geraldkoh@mediacorp.com.sg
Snapchat : Geraldkoh987
Instagram: Geraldkoh987",21448,person
19583545,LFC,Liverpool FC,London,United Kingdom,"Official worldwide account of Liverpool FC, England's most successful club with 41 major honours #LFC",21416,sports
105119490,NiallOfficial,Niall Horan,London,United Kingdom,Listen to my debut single 'This Town' here: https://t.co/xOVnVyUXcK,21399,person
24742040,Xbox,Xbox,Pacific Time (US & Canada),None,"Welcome to the official @Xbox Twitter feed, your source for news, console info, game releases, events, sports, & more. For help, please contact @XboxSupport.",21285,brand
67719573,ThoughtCatalog,Thought Catalog,Eastern Time (US & Canada),None,All thinking is relevant.,21251,channel
20562637,businessinsider,Business Insider,Eastern Time (US & Canada),None,What you need to know.,21230,channel
56304605,sardesairajdeep,Rajdeep Sardesai,New Delhi,India,"father first.Journalist, anchor, author: 2014: The Election That Changed India. mail: rajdeepsardesai52@gmail.com. blog at https://t.co/L2nINGl0kb",21184,person
52551600,JimCarrey,Jim Carrey,Pacific Time (US & Canada),None,Actor Jim Carrey!,21172,person
19929890,BDUTT,barkha dutt,Hawaii,United States,Barkha Rani JamKe Barasti Hai. Cloudburst. Journalist. Dreams of being a Lawyer. Argumentative! Yaaron Ka Yaar.,21115,person
16664681,latimes,Los Angeles Times,Pacific Time (US & Canada),None,News from Los Angeles and the world. Staffed by http://t.co/zb8HyvYyAJ editors.,21058,news
34720571,HawaiianAir,Hawaiian Airlines,Hawaii,United States,"Your source for Hawaiian Airlines news, tips, & updates. For customer issues, please contact us at: https://t.co/ZsM44LNYPV",20840,airline
950165300,S1dharthM,Sidharth Malhotra,Mumbai,India,Passionately Curious,20840,person
264231189,imMichelleChong,Michelle Chong,Kuala Lumpur,Malaysia,Are you ready for LULU THE MOVIE?! https://t.co/neIGgEt1Bb,20834,person
18647765,CalvinKlein,Calvin Klein,Eastern Time (US & Canada),None,"Calvin Klein is a global lifestyle brand that exemplifies bold, progressive ideals and a seductive, and often minimal, aesthetic.",20830,brand
16184358,CNNMoney,CNNMoney,Eastern Time (US & Canada),None,The money news that matters most to you. Meet our team: http://t.co/krbacc9dFn,20789,channel
4970411,AJEnglish,Al Jazeera English,London,United Kingdom,Everyone has a story worth hearing. Follow @AJENews for breaking news. Add us on Snapchat: AJENews.,20755,news
67358777,BW,Businessweek,Eastern Time (US & Canada),None,The official Twitter of Bloomberg Businessweek. Covering the business world like no one else.,20721,channel
16973333,Independent,The Independent,London,United Kingdom,"News, comment and features from The Independent.",20666,news
20015311,rickygervais,Ricky Gervais,London,United Kingdom,"Godless Ape. Comedian, Actor, Screenwriter, Movie Director. #TheOffice #Extras #Derek #TheRickyGervaisShow #LifeOnTheRoad #Humanity",20581,person
171117515,KP24,KP,London,United Kingdom,,20557,person
49573859,iamwill,i.am+,Pacific Time (US & Canada),None,#WHEREStheLOVE August 31st.,20510,person
9624742,StateDept,Department of State,Eastern Time (US & Canada),None,"Welcome to the official U.S. Department of State Twitter account!  
Secretary Kerry tweets from @JohnKerry.",20504,other
26235265,MercedesAMGF1,MERCEDES AMG F1,London,United Kingdom,The official Twitter account of the MERCEDES AMG PETRONAS Formula One Team - 2014 and 2015 Formula One World Champions!,20501,other
57261519,Metro_TV,METRO TV,Jakarta,Indonesia,The Official Twitter Page of METRO TV | METROTVNEWS com,20488,news
20402945,CNBC,CNBC,Eastern Time (US & Canada),None,First in Business Worldwide,20469,news
155151279,mangeshkarlata,Lata Mangeshkar,Mumbai,India,playback singer since 1942. https://t.co/8BRJP3bvMX,20448,person
78264667,Citilink,Citilink Indonesia,Jakarta,Indonesia,"Welcome to the official Citilink Indonesia Twitter account! For more information & flight info, please call 08041080808 (24 Hours) / info@citilink.co.id",20417,airline
19897138,IndiaToday,India Today,New Delhi,India,"Brings you news breaks:Exclusive political, entertainment, sports insight, unbiased-nonaligned


Follow us @IndiaToday

Official URL: http://t.co/ICyUpGKpTg",20393,news
740216334,psy_oppa,PSY,Irkutsk,Russia,#7thALBUM on iTunes https://t.co/9oXqUb7l9M #DADDY M/V on YouTube https://t.co/3SgevEYdt4 #NapalBaji M/V on YouTube https://t.co/3gLItsxkW0,20388,person
250831586,TheRock,Dwayne Johnson,Pacific Time (US & Canada),None,Dude.,20364,person
102323621,astonmartin,Aston Martin,London,United Kingdom,"The only official Twitter account of Aston Martin Lagonda. Tweets of Power, Beauty and Soul. #astonmartin",20331,brand
44335525,HHShkMohd,HH Sheikh Mohammed,Muscat,Oman,Official Tweets by His Highness Sheikh Mohammed bin Rashid Al Maktoum,20297,person
24016767,usatodaytravel,USA TODAY Travel,Eastern Time (US & Canada),None,"Get the latest travel news, deals and trends about flights, hotels, cruises and destinations from the USA TODAY Travel team.",20256,travel
25053299,FortuneMagazine,Fortune,Eastern Time (US & Canada),None,"FORTUNE's official Twitter feed. Here's what we're hearing, seeing, reading and writing. Visit us at http://t.co/EZnUYxNm",20243,channel
121046433,ImRo45,Rohit Sharma,Mumbai,India,,20216,person
72568426,Versace,Versace,Eastern Time (US & Canada),None,"Founded by Gianni Versace in 1978, Versace is one of the world's leading international fashion brands and is a symbol of Italian style worldwide.",20193,brand
9549352,BA_USA,British Airways N.A.,Eastern Time (US & Canada),None,This account is no longer active. Please follow @british_airways for 24-hour a day customer support and updates.,20174,airline
1877831,nytimesworld,New York Times World,Eastern Time (US & Canada),None,World news from The New York Times. Follow our editors and correspondents here: http://t.co/dZjTQkxoyM,20151,news
106317808,DubaiAirports,Dubai Airports,Abu Dhabi,United Arab Emirates,Dubai Airports owns and manages the operation of Dubai International (DXB) and Dubai World Central (DWC). تابعوا صفحتنا باللغة العربية @DubaiAirportsAr,20130,airport
77888423,OMGFacts,OMG Facts,Central Time (US & Canada),None,#TheMoreYouKnow,20110,channel
114990575,ThaiAirways,Thai Airways,Bangkok,Thailand,Welcome aboard to official Twitter account of Thai Airways International,20042,airline
1307120064,SBYudhoyono,S. B. Yudhoyono,Bangkok,Thailand,Akun Resmi Presiden Ke-6 RI (2004-2014) Susilo Bambang Yudhoyono. Dikelola oleh Staf Pribadi. Twit dari Susilo Bambang Yudhoyono ditandai *SBY*,20000,person
226087776,redbullracing,Red Bull Racing,London,United Kingdom,#GivesYouWings  #PushTheBoundaries,19945,brand
224223563,3gerardpique,Gerard Piqué,Madrid,Spain,FCBarcelona | Football Player,19931,person
10933662,timestravel,The Times Travel,London,United Kingdom,"The latest travel news, deals and videos plus inspiration for your next trip",19875,travel
213969309,LewisHamilton,Lewis Hamilton,London,United Kingdom,"H.A.M til the day I die!! #TeamLH Snapchat: lewishamilton https://t.co/Q4FiC7dSrt
https://t.co/A341DuifUN https://t.co/DYC80EzVtG",19872,
34197952,anandmahindra,anand mahindra,Mumbai,India,"Chairman and Managing Director, Mahindra Group",19858,
366947884,Varun_dvn,Varun dhawan,Chennai,India,"artist, the voice of the voiceless",19855,
36065771,cntraveller,Condé Nast Traveller,London,United Kingdom,Travel inspiration from the editors of Condé Nast Traveller UK,19844,
40205617,AirFranceFR,Air France FR,Paris,France,#FranceisintheAir ! @AirFranceFR vous délivre ici ses dernières offres et est à votre service 24/7. (Données perso uniquement en DM),19789,
78941611,bhogleharsha,Harsha Bhogle,New Delhi,India,Blessed. Enjoy till it lasts.   https://t.co/AliHlEWvlX,19782,
155927976,rioferdy5,Rio Ferdinand,,None,Official Twitter account of Rio Ferdinand / Media Enquiries - info@neweraglobalsports.com / https://t.co/9hI5ihb0LY / SC - rioferdyfive,19746,
183387449,XabiAlonso,Xabi Alonso,Greenland,Greenland,Cuenta oficial de Xabi Alonso,19676,
16343974,Telegraph,The Telegraph,London,United Kingdom,"The latest news, business, sport, comment, lifestyle and culture from the https://t.co/cJ9Ctg93KL team.",19645,
158314798,LiamPayne,Liam,Hawaii,United States,the luckiest man in the world,19625,
18493366,KenyaAirways,Kenya  Airways,Nairobi,Kenya,"The Pride of Africa.Official KQ page sharing news, views and overall experience. E-mail: Customer.Relations@kenya-airways.com Tel:+254711024747/+254734104747",19617,
2469605695,arjunk26,Arjun Kapoor,Chennai,India,"Son, Brother, Friend, Actor ( all 4 work in progress)",19556,
32468665,googledrive,Google Drive,Pacific Time (US & Canada),None,Google Drive is a safe place for all your files. Use Drive for free on all your devices. Visit http://t.co/ReoUx29Gxc to get started.,19542,
69008563,F1,Formula 1,London,United Kingdom,The Official Formula 1® Twitter Account,19518,
108568373,SkySportsNewsHQ,Sky Sports News HQ,London,United Kingdom,The official Twitter account for Sky Sports News HQ. Your home of sports news.,19516,
5120691,wef,World Economic Forum,Bern,Switzerland,"The international organization for public private cooperation. Follow us for research, insight and analysis on global issues. Annual Meeting hashtag: #wef",19514,
26935768,STATravelSG,STA Travel Singapore,Singapore,Singapore,The Singapore office of the world's largest (& coolest!) travel company for students and young adults. Like us on Facebook @ http://t.co/e0Otptwr6W!,19489,
349714440,Jaguar,Jaguar,Pacific Time (US & Canada),None,"Official Jaguar worldwide Twitter account for news, videos and photos from Jaguar cars, home to #FTYPE, #XE, #XF, #XJ and #FPACE.",19485,
25497636,JJ_Lin,JJ Lin,Singapore,Singapore,"Born & bred in Singapore, currently residing in Taiwan. We are all placed on earth to leave imprints on each others' lives.",19479,
16542390,ESPNcricinfo,ESPNcricinfo,Mumbai,India,"The home of cricket. https://t.co/tBXKmUsRs1
https://t.co/SehLbGwWnT",19473,
2884771,Newsweek,Newsweek,Eastern Time (US & Canada),None,"Stay relevant. News and analysis on politics, science, technology, and culture.",19464,
39559926,airliners_net,Airliners.net,Pacific Time (US & Canada),None,"The Best Aviation Photos, Largest Online Aviation Community, Airplane Information and Aviation News!",19463,
338084918,Pharrell,Pharrell Williams,Eastern Time (US & Canada),None,@i_am_OTHER,19408,
90836187,andresiniesta8,Andrés Iniesta,Madrid,Spain,"FC Barcelona player. 
Born in Fuentealbilla 11 May 1984",19365,
26223583,airberlin,airberlin,Berlin,Germany,A warm welcome to the official airberlin Twitter account. Discover the world of airberlin and register now for the airberlin newsletter! https://t.co/tmcNONhGio,19362,
366987179,jokowi,Joko Widodo,Jakarta,Indonesia,"Akun resmi Joko Widodo, Presiden Republik Indonesia",19330,
1176135546,superstarrajini,Rajinikanth,Chennai,India,The official handle of Superstar Rajinikanth,19293,
84279963,Louis_Tomlinson,Louis Tomlinson,Eastern Time (US & Canada),None,"1/4 of One Direction :) We would be nowhere without our incredible fans, we owe it all to you.",19265,
134196350,flightradar24,Flightradar24,Stockholm,Sweden,"Track air traffic in real time from all around the world! Apps: http://t.co/ongfnAPfLz
FAQ: http://t.co/WfQImBHLYe
Support: http://t.co/ifn4x04sH9",19189,
8159472,UEFAcom,UEFA.com,Bern,Switzerland,http://t.co/jtKr33tmy8 - The official website for European football. Bringing you the latest from across Europe.,19155,
300114634,adidas,adidas,Amsterdam,Netherlands,,19119,
44196397,elonmusk,Elon Musk,Pacific Time (US & Canada),None,"Tesla, SpaceX, SolarCity, PayPal & OpenAI",19101,
38647512,IndianExpress,The Indian Express,New Delhi,India,"The Indian Express brings to you latest news from India and the world, breaking round the clock. The 'Journalism of Courage' starts here.",19094,
30899115,AirFranceUS,Air France US,Eastern Time (US & Canada),None,#FranceisintheAir! At your service 24/7. Stay connected for our latest news. For media inquiries tweet @AFNewsroom (Personal info by DM only),19081,
109275593,ImZaheer,zaheer khan,Hawaii,United States,"Cricketer | Fitness Enthusiast | Owner of ProSport Fitness| Co-Owner of Toss, Dine Fine| Cheese Cake Lover| Playing for DD in IPL8 | Love Mumbai|",19039,
6509832,CNNnews18,News18,New Delhi,India,Latest news alerts from India,19022,
828742454,krungy21,Sandara Park,,None,투애니원의 상큼한보컬 & 신인여배우 2NE1's fresh vocal & Pambansang krungkrung ng Pilipinas & Actress,19014,
57188977,sonunigam,Sonu Nigam,Mumbai,India,#NAME?,19008,
185142711,BCCI,BCCI,Mumbai,India,The Official Twitter Handle of Team India,19006,
24705126,ShashiTharoor,Shashi Tharoor,New Delhi,India,"MP for Thiruvananthapuram. Author of 15 books. Former Minister of State,Govt.of India.  Former UnderSecretaryGeneral,UnitedNations. RTs do not imply endorsement",18992,
122995784,Javedakhtarjadu,Javed Akhtar,Mumbai,India,"A poet, lyricist, scriptwriter, atheist and a die-hard optimist",18990,
1346439824,rajnathsingh,Rajnath Singh,New Delhi,India,"Minister of Home Affairs, Government of India, INDIA",18972,
19230601,SkySports,Sky Sports ,London,United Kingdom,"The official Sky Sports Twitter account. Bringing you the latest sports news, 24-7.",18965,
42420346,agnezmo,AGNEZ MO,Pacific Time (US & Canada),None,DREAM BELIEVE & MAKE IT HAPPEN! Instagram: @agnezmo and @myfitnezdiary Tumblr: https://t.co/Gr7UE5iP2x Facebook: https://t.co/gKjuCm59Q7,18951,
1636590253,tim_cook,Tim Cook,Pacific Time (US & Canada),None,"CEO Apple, Fan of Auburn football and Duke basketball",18938,
621523,BBCBusiness,BBC Business,London,United Kingdom,Business news from the BBC.  This is our official account aimed at a UK audience.  For more global BBC business news please follow @BBCWorldBiz.,18916,
18625669,CalvinHarris,Calvin Harris,London,United Kingdom,Music producer,18903,
789605024,EuropaLeague,UEFA Europa League,Bern,Switzerland,The official home of the UEFA Europa League on Twitter. #UEL,18885,
87984807,BentleyMotors,Bentley Motors,London,United Kingdom,"Welcome to the official Twitter feed for Bentley Motors. The closer you look, the more you see. #BeExtraordinary",18859,
1059194370,kobebryant,Kobe Bryant,Pacific Time (US & Canada),None,CEO Kobe Inc. Publisher. Investor. Producer.,18783,
66334209,LaraDutta,Lara Dutta Bhupathi,Hawaii,United States,"One head, many hats!   Instagram ac - @larabhupathi",18711,
166607010,DeltaNewsHub,Delta News Hub,Eastern Time (US & Canada),None,"Official Twitter newsroom of Delta Air Lines, a resource for people sharing Delta news. Visit @Delta for customer service, tips and promos.",18710,
102382667,NargisFakhri,Nargis,Mumbai,India,Global Citizen,18688,
586671909,vine,Vine,Eastern Time (US & Canada),None,Vine is an entertainment community where things happen fast. Sign up for #beyondtheVine at the link below!,18652,
19562228,rustyrockets,Russell Brand,Hawaii,United States,x2 new gigs announced London and Hayes! tickets are here: https://t.co/kcYt4hkDE0,18580,
174266952,Realtaeyang,TAEYANG,Hawaii,United States,,18555,
40113236,AirlineReporter,Airline Reporter,Pacific Time (US & Canada),None,"Providing engaging news & stories on aviation, travel, & airlines since 2008. Over 30 writers, in 18 cities, on 4 continents. Home of the #AvGeek!",18554,
54149214,flyPAL,Philippine Airlines,Hong Kong,Hong Kong,This is the OFFICIAL twitter site of Philippine Airlines.,18485,
151410216,STPix,Straits Times Photo,Singapore,Singapore,"The Straits Times Photo Desk
See news pictures, photo essays, and multimedia stories produced by our photojournalists at http://t.co/eGknlnhg8t",18473,
2883841,enews,E! News,Pacific Time (US & Canada),None,"Entertainment news from https://t.co/G81dlZzugA—watch weeknights at 7p & 11p for the latest! 
Snapchat: e_news",18463,
288333760,MariaSharapova,Maria Sharapova,,None,https://t.co/NaE11fTYON,18460,
18148907,AviationWeek,Aviation Week,London,United Kingdom,"Insight and analysis from the Aviation Week Network, the largest information provider to the global aviation, aerospace and defense industries since 1916.",18440,
16153562,amnesty,AmnestyInternational,Eastern Time (US & Canada),None,We've been fighting the bad guys since 1961 - you can join us! Official Amnesty International USA profile - RTs≠endorsements.,18409,
413487212,SimonCowell,Simon Cowell,Pacific Time (US & Canada),None,,18380,
21759987,Icelandair,Icelandair,Monrovia,Liberia,"Welcome to the official Twitter of Icelandair. Icelandair is an international airline currently serving 40 gateways in Europe, the USA and Canada.",18238,
92424604,MClarke23,Michael Clarke,Sydney,Australia,,18216,
205437050,YouTubeTrends,YouTube Trends,Quito,Ecuador,,18208,
17940246,tonyfernandes,Tony Fernandes,Kuala Lumpur,Malaysia,"GCEO of AirAsia, Founder of Tune Group, Chairman of QPR , Chairman of Caterham Group.",18194,
409089061,BrettLee_58,Brett Lee,Sydney,Australia,Former Cricketer now commentator,18124,
6844292,TwitterEng,Twitter Engineering,Pacific Time (US & Canada),None,The official account for Twitter Engineering.,18101,
32388036,LondonCityAir,London City Airport,London,United Kingdom,London City Airport – the true gateway to London,18074,
31143957,GEAviation,GE Aviation,Eastern Time (US & Canada),None,"GE Aviation provides jet and turboprop engines, integrated systems and services for commercial, military and business & general aviation aircraft.",18061,
2142731,firefox,Firefox,Pacific Time (US & Canada),None,go forth and internet freely,18056,
115286138,basuki_btp,Ahok Basuki TPurnama,Jakarta,Indonesia,"SMS pengaduan : 0811944728, 081927666999, 085811291966 (sms ke satu nomer saja sesuai kartu yang dipakai agar lebih murah) sekretariat.gubdki@gmail.com",18016,
11856482,NBCNewsTravel,NBC News Travel,Eastern Time (US & Canada),None,"Getting there is half the fun, so the saying goes. Read about top travel news, issues of the day and the joy and hassle of traveling.",18014,
176566242,zaynmalik,zayn,Hawaii,United States,"fuck whoever tells you no ! do you, be proud and love lots ! :) https://t.co/Qzd4N5khhM",18010,
20751449,the_hindu,The Hindu,New Delhi,India,News feeds from India's National Newspaper,18010,
492399548,ZacEfron,Zac Efron,Pacific Time (US & Canada),None,,17838,
9676212,latimestravel,L.A. Times Travel,Pacific Time (US & Canada),None,"@LATimes Travel news and more from Chris Reynolds (@mrcsreynolds), Catharine Hamm (@CatHamm), @AHarnagel (Anne Harnagel) and Brady MacDonald @latimesfunland)",17791,
23613479,KrisJenner,Kris Jenner,Pacific Time (US & Canada),None,"MOM, MANAGER, MOMAGER, LOVER OF LIFE, LOVER OF CHRIST",17780,
47363197,radityadika,raditya dika,Jakarta,Indonesia,"Seorang pencerita dalam berbagai macam medium: buku, film, dan digital. CP: 081285000335 (Wira)",17779,
28535982,KAYAK,KAYAK,Eastern Time (US & Canada),None,"KAYAK is a travel search engine. For support, visit: http://t.co/dITnoI8o4D (staff available Mon- Fri: 8AM GMT-10PM GMT)",17744,
65992743,lindsaylohan,Lindsay Lohan,Pacific Time (US & Canada),None,Artist. Instagram: @lindsaylohan https://t.co/FjAZzhuK6y http://t.co/1Ke6CRkqqP,17711,
87416722,SkyNewsBreak,Sky News Newsdesk,London,United Kingdom,"The latest breaking news, direct from the Sky News team. Tweet @skynews with any questions or queries.",17655,
1527152922,our_sg,Our SG,Singapore,Singapore,"Our Singapore Spirit is kindling. Let us use it as a torch to illuminate the way forward, whilst we turn the page to a new chapter.",17636,
20793816,amazon,Amazon,Pacific Time (US & Canada),None,Official Twitter of http://t.co/4rwjfdidk3.   Contact @AmazonHelp for customer support.,17626,
15639696,IPL,IndianPremierLeague,Mumbai,India,Follow to get exclusive and real-time Indian Premier League news and updates.,17619,
15291335,ParamountPics,Paramount Pictures,Pacific Time (US & Canada),None,Welcome to the Official Twitter Page for Paramount Pictures.,17619,
92945681,harbhajan_singh,Harbhajan Turbanator,New Delhi,India,"Proud father to a princess, Indian Cricketer. 
Facebook: https://t.co/t7La7Gcge7
Instagram: https://t.co/FfW5XFD3k8",17591,
14824849,SteveMartinToGo,Steve Martin,,None,"My new comedy play, Meteor Shower, is soon to open at the Long Wharf Theatre in Connecticut.",17579,
63253045,MonsterEnergy,Monster Energy,Pacific Time (US & Canada),None,"#UnleashTheBeast https://t.co/qgChRebwPI https://t.co/ul5xeAYPNW 
https://t.co/8TIgfASmRx
https://t.co/onacwQzm8B",17522,
20177423,ELLEmagazine,ELLE Magazine (US),Central Time (US & Canada),None,ELLE-o. It's me.,17502,
109241992,SunidhiChauhan5,Sunidhi Chauhan,Hawaii,United States,"Singer, performer",17475,
33494125,mtvasia,MTV Asia,Singapore,Singapore,Official MTV Asia Twitter Site,17452,
152251488,dhanushkraja,Dhanush,,None,Actor,17441,
20646711,UNESCO,UNESCO,Paris,France,Building peace where it starts - in the minds of men & women. Follow our Director-General @IrinaBokova,17437,
168606635,DaleSteyn62,Dale Steyn,Greenland,Greenland,Terrible guitar player...,17434,
230140702,iam_juhi,Juhi Chawla,Hawaii,United States,"Actress, Mother, Entrepreneur, Activist, budding Organic Farmer, Environmentalist, Yoga enthusiast.... aur abhi  picture Baaki Hai ..... ",17431,
317373303,Maserati_HQ,Maserati,Rome,Italy,"Elegance, style, sportiness and performance with a long and glorious heritage. #Maserati, a tradition of innovation.
https://t.co/4y3AGiONQE",17377,
53556894,MaheshNBhatt,Mahesh Bhatt,Mumbai,India,"Film Maker, Author, Nomad with no destination. I don't have any thoughts which I can call my own--not one thought, not one word, not one experience.",17367,
